name,report_dates,report_count,bank,account_number,email,phone,fraud_type,fraud_platform
한시은,2026-03-19|2026-04-01|2026-04-04|2026-04-24|2026-04-27|2026-05-10|2026-05-21|2026-05-30|2026-06-04|2026-06-07,10,국민은행,7895886455621,6c6fgzh4@gmail.com,,대출 빙자 사기,
송하린,2026-03-20|2026-04-01|2026-04-24|2026-04-25|2026-05-08,5,우리은행,1002124267640,,01072316764,대출 빙자 사기,
주도현,2026-04-18|2026-04-22|2026-04-29|2026-05-04|2026-05-04|2026-06-02|2026-06-06|2026-06-12,8,NH농협은행,3515181912581,x3tve8bl@naver.com,,로맨스 스캠,
지서연,2026-03-14|2026-04-02|2026-04-28|2026-05-10|2026-05-20|2026-05-26|2026-05-31,7,KDB산업은행,02227479496217,rhtk9yy9@gmail.com,01081382327,대출 빙자 사기,
한하은,2026-03-19|2026-03-27|2026-04-01|2026-04-01|2026-04-21|2026-04-21|2026-04-22|2026-04-27|2026-05-02|2026-05-18,10,하나은행,62008969918209,oyjsgjjb@daum.net,,취업 사기,링크드인
지하린,2026-04-17|2026-04-18|2026-04-28,3,신한은행,100078170314,,01005117691,스미싱,
서시우,2026-04-02|2026-04-12|2026-04-18|2026-04-21|2026-05-30|2026-05-31|2026-06-06|2026-06-07,8,NH농협은행,3524853903768,,,피싱 사이트 유도,
공지우,2026-04-06|2026-05-02|2026-05-29|2026-06-07|2026-06-08,5,KDB산업은행,02278672219325,dxisxrx5@daum.net,,불법 도박 및 사이트 홍보 스캠,
정하준,2026-03-29|2026-04-12|2026-05-12|2026-05-28,4,NH농협은행,3529970939455,e4pw9bki@naver.com,01028809646,로맨스 스캠,
임민준,2026-04-23|2026-05-15|2026-06-12,3,IBK기업은행,0031468794793,29e0yug0@gmail.com,,투자 리딩방 사기,팍스넷
서서준,2026-03-23|2026-03-25|2026-04-19|2026-04-22|2026-05-10|2026-05-13|2026-05-16|2026-06-02|2026-06-05|2026-06-12,10,우리은행,1002348791981,,01034106497,공공기관 과태료/범칙금 납부 안내 사기,정부 기관 사칭 사이트
민예린,2026-03-15|2026-03-17|2026-04-11|2026-06-02,4,KDB산업은행,02259105498652,,,취업 사기,블라인드
하지안,2026-03-29|2026-04-04|2026-06-04|2026-06-09,4,우리은행,1002059039761,5fywt109@gmail.com,01084590262,스미싱,
양지민,2026-03-20|2026-03-25|2026-04-20|2026-04-25|2026-04-27|2026-04-30|2026-06-11,7,NH농협은행,3017646795655,,,공공기관 과태료/범칙금 납부 안내 사기,정부 기관 사칭 사이트
원하은,2026-03-18|2026-04-01|2026-04-24|2026-04-27|2026-05-24|2026-05-26,6,NH농협은행,3028695102280,,,대출 빙자 사기,
우유진,2026-03-29|2026-04-24|2026-04-25|2026-04-28|2026-04-29|2026-05-05|2026-05-05|2026-05-21|2026-06-06,9,하나은행,10109557440953,,01059797418,메신저피싱,텔레그램
권수아,2026-03-21|2026-03-27|2026-04-28|2026-05-08|2026-05-16|2026-06-03,6,IBK기업은행,0019623434316,mhs3t8e7@daum.net,,메신저피싱,라인
진유나,2026-03-20|2026-03-20|2026-04-02|2026-04-05|2026-04-17|2026-04-29|2026-04-30|2026-04-30|2026-05-02|2026-05-16,10,IBK기업은행,0021125474796,15gs3td5@naver.com,,대출 빙자 사기,
문은우,2026-04-21|2026-05-22|2026-05-27|2026-06-02,4,국민은행,1230786995379,hchekirt@daum.net,,대출 빙자 사기,
김지민,2026-05-03|2026-05-22|2026-05-25|2026-05-26,4,국민은행,0013726202185,83vejavg@gmail.com,01096452219,스미싱,
이지안,2026-03-25|2026-03-25|2026-03-27|2026-04-13|2026-04-23|2026-04-27|2026-05-16|2026-05-22|2026-05-22,9,하나은행,10146327225568,,01004030976,보이스피싱,
조도현,2026-03-15|2026-03-22|2026-04-02|2026-04-06|2026-05-25,5,KDB산업은행,02287735044223,,01078314666,피싱 사이트 유도,
조유나,2026-04-04|2026-04-12|2026-04-12|2026-04-19|2026-05-14|2026-06-07,6,국민은행,7892004092991,,01084747629,메신저피싱,인스타그램
홍유진,2026-03-19|2026-04-02|2026-05-14,3,IBK기업은행,0034693688966,e2wgejtw@daum.net,01025798067,보이스피싱,
장나연,2026-04-22|2026-04-23|2026-05-10|2026-05-17|2026-05-24|2026-05-31,6,KDB산업은행,02275499431680,,01052544412,스미싱,
구현우,2026-03-16|2026-03-25|2026-03-29|2026-03-31|2026-04-02|2026-04-17|2026-04-18|2026-04-25|2026-05-06|2026-05-24,10,우리은행,1002965091997,,,공공기관 과태료/범칙금 납부 안내 사기,정부 기관 사칭 사이트
허지우,2026-04-04|2026-04-04|2026-04-19|2026-05-05,4,신한은행,110467868566,9nyy2x8f@naver.com,01030573041,계정 도용을 통한 가상화폐 갈취,
엄서윤,2026-03-14|2026-03-17|2026-03-23|2026-03-25|2026-04-04|2026-04-05|2026-05-25|2026-05-27|2026-06-10|2026-06-12,10,국민은행,5679784569692,rkbkhhbk@daum.net,,스미싱,
하예린,2026-03-31|2026-05-13|2026-05-16,3,국민은행,7891471056877,tslzpn0y@naver.com,,로맨스 스캠,
원민준,2026-03-20|2026-03-26|2026-05-13|2026-05-15,4,KDB산업은행,02283959457547,kqrxleni@daum.net,01013149118,로맨스 스캠,
최유나,2026-03-23|2026-03-29|2026-04-05|2026-04-13|2026-05-02|2026-06-09,6,IBK기업은행,0015403271490,,,불법 도박 및 사이트 홍보 스캠,
공서준,2026-03-21|2026-03-23|2026-03-25|2026-03-27|2026-03-28|2026-04-04|2026-04-09|2026-04-12|2026-05-25|2026-05-28,10,신한은행,100088988999,puyjhwra@daum.net,,택배/배송 사기,당근마켓
곽지우,2026-05-05|2026-05-18|2026-06-07|2026-06-07,4,KDB산업은행,02243533273318,bqr1fd25@naver.com,,상품권 구매 대행 사기,당근마켓
남하준,2026-04-20|2026-05-04|2026-06-08|2026-06-08,4,우리은행,1002113448748,thu4run8@gmail.com,,공공기관 과태료/범칙금 납부 안내 사기,정부 기관 사칭 사이트
강전수아,2026-03-16|2026-04-10|2026-04-14|2026-04-25|2026-04-30|2026-05-07|2026-05-10|2026-05-18|2026-05-25,9,국민은행,1233007749127,ipf6s6xv@gmail.com,,대출 빙자 사기,
박유나,2026-04-20|2026-04-28|2026-05-10,3,신한은행,100513306777,t8ckubs4@gmail.com,01004239910,스미싱,
엄서준,2026-03-19|2026-04-04|2026-05-19|2026-05-24|2026-05-25,5,IBK기업은행,0021084297378,ccsw18dz@gmail.com,01075156905,로맨스 스캠,
문하준,2026-04-08|2026-04-27|2026-05-03,3,KDB산업은행,02253236634910,,,취업 사기,블라인드
하하준,2026-04-11|2026-04-12|2026-05-19|2026-05-23|2026-05-31|2026-06-01,6,IBK기업은행,0014243794755,wb1zcv4v@daum.net,,보이스피싱,
제갈시은,2026-03-31|2026-04-11|2026-04-22,3,KDB산업은행,02283045349687,zth99596@daum.net,01097409540,공공기관 과태료/범칙금 납부 안내 사기,정부 기관 사칭 사이트
강전수아,2026-03-20|2026-03-24|2026-03-28|2026-04-17|2026-04-25|2026-04-26|2026-04-30|2026-05-02|2026-06-06,9,NH농협은행,3520364092513,hyo7o2fp@daum.net,,메신저피싱,라인
원아름송이,2026-03-30|2026-04-20|2026-04-23|2026-05-03|2026-05-11|2026-05-13|2026-05-18|2026-06-02,8,NH농협은행,3015151429060,55jpl43v@naver.com,,취업 사기,잡코리아
김준서,2026-03-21|2026-04-03|2026-04-08|2026-04-11|2026-04-21|2026-04-23|2026-05-08|2026-05-17|2026-05-28,9,KDB산업은행,02254680996325,,,대출 빙자 사기,
백예린,2026-03-24|2026-04-20|2026-05-05|2026-05-06|2026-05-08|2026-05-20,6,신한은행,100293292344,,,계정 도용을 통한 가상화폐 갈취,
채서준,2026-03-26|2026-04-08|2026-04-14|2026-04-30|2026-05-15|2026-05-19|2026-06-04,7,IBK기업은행,0021331240869,,,로맨스 스캠,
방서윤,2026-03-16|2026-03-23|2026-03-26|2026-03-28|2026-03-29|2026-04-13|2026-04-22|2026-04-24|2026-04-27|2026-05-15,10,국민은행,5670436364170,wbepkgo5@naver.com,01035535780,중고거래 사기,당근마켓
조서연,2026-03-28|2026-03-28|2026-04-03|2026-04-10|2026-04-11|2026-04-22|2026-05-10|2026-05-11|2026-05-27|2026-06-09,10,하나은행,10188517084976,x76irzpg@gmail.com,,스미싱,
임나연,2026-03-16|2026-04-01|2026-04-02|2026-04-09|2026-04-28|2026-05-11|2026-05-14|2026-06-09,8,신한은행,110862452986,,01016881635,메신저피싱,카카오톡
강전현우,2026-03-23|2026-04-13|2026-04-15|2026-04-15|2026-04-16|2026-04-17|2026-04-27|2026-05-18|2026-05-30|2026-06-01,10,NH농협은행,3510225044718,,,투자 리딩방 사기,씽크풀
원유나,2026-03-23|2026-03-25|2026-03-28|2026-05-09|2026-05-24|2026-06-06|2026-06-11,7,하나은행,10195518637643,2y5m83pc@daum.net,,투자 리딩방 사기,씽크풀
곽나연,2026-04-28|2026-05-03|2026-05-18|2026-06-06,4,NH농협은행,3527334207612,,,불법 도박 및 사이트 홍보 스캠,
허현우,2026-04-13|2026-04-20|2026-04-22,3,KDB산업은행,02240974932279,9tosysxp@naver.com,,공공기관 과태료/범칙금 납부 안내 사기,정부 기관 사칭 사이트
박하은,2026-03-14|2026-04-27|2026-05-03|2026-05-10|2026-05-11|2026-05-11|2026-05-24|2026-06-09|2026-06-09|2026-06-12,10,하나은행,10234537056257,w48fxyzu@daum.net,01078045038,상품권 구매 대행 사기,번개장터
천민준,2026-03-16|2026-03-17|2026-03-23|2026-05-20|2026-05-25|2026-06-10,6,신한은행,100834215137,zkgg2t4w@naver.com,,계정 도용을 통한 가상화폐 갈취,
차나연,2026-03-16|2026-03-25|2026-04-06|2026-04-09|2026-05-05|2026-05-10|2026-05-24|2026-05-30,8,IBK기업은행,0020216551117,gr9c2hlo@gmail.com,,택배/배송 사기,번개장터
진현우,2026-03-14|2026-04-01|2026-04-15|2026-04-16|2026-05-07|2026-05-12|2026-06-02|2026-06-11,8,IBK기업은행,0037031855175,8tbp4qf0@gmail.com,,불법 도박 및 사이트 홍보 스캠,
권예린,2026-04-02|2026-05-04|2026-06-07|2026-06-12,4,우리은행,1002495934786,,,피싱 사이트 유도,
채유나,2026-04-06|2026-04-16|2026-05-03|2026-05-05|2026-05-09|2026-05-14|2026-05-23|2026-06-05|2026-06-09,9,KDB산업은행,02250162938723,rova8cqh@daum.net,,공공기관 과태료/범칙금 납부 안내 사기,정부 기관 사칭 사이트
양하린,2026-03-17|2026-03-21|2026-05-06|2026-05-09|2026-05-11|2026-05-13|2026-05-23|2026-05-28|2026-06-11|2026-06-12,10,IBK기업은행,0031769262808,hvj9mdsx@naver.com,01045469557,스미싱,
유현우,2026-03-18|2026-04-18|2026-05-03,3,NH농협은행,3514819161446,i8yxiwax@gmail.com,,보이스피싱,
우예린,2026-03-14|2026-03-15|2026-03-19|2026-04-11|2026-04-18|2026-06-03|2026-06-08,7,하나은행,10186035488111,,,택배/배송 사기,당근마켓
민하준,2026-03-20|2026-04-19|2026-04-25|2026-05-04|2026-05-11|2026-06-11,6,IBK기업은행,0013181738814,,01042103493,대출 빙자 사기,
성시은,2026-03-14|2026-03-27|2026-04-19|2026-05-10|2026-05-25|2026-05-28,6,KDB산업은행,02244342462517,9nqjzch8@gmail.com,01032075593,불법 도박 및 사이트 홍보 스캠,
엄도윤,2026-04-10|2026-05-07|2026-05-16|2026-06-06,4,우리은행,1002492549122,f7pndqz3@gmail.com,01084268670,메신저피싱,카카오톡
전아름송이,2026-03-17|2026-04-02|2026-04-06|2026-04-11|2026-04-18|2026-05-01|2026-05-17,7,KDB산업은행,02204282962572,,01085778552,투자 리딩방 사기,팍스넷
유도윤,2026-03-21|2026-04-01|2026-04-02|2026-04-03|2026-04-06|2026-04-22|2026-04-27|2026-05-11|2026-05-24,9,신한은행,100947395327,bnyoo5ol@naver.com,,불법 도박 및 사이트 홍보 스캠,
우준서,2026-03-19|2026-04-02|2026-04-09|2026-04-22|2026-04-23|2026-04-28|2026-05-26,7,하나은행,62093112548229,n4edu65v@daum.net,,공공기관 과태료/범칙금 납부 안내 사기,정부 기관 사칭 사이트
이서준,2026-03-25|2026-04-28|2026-06-07,3,NH농협은행,3012569849561,,01056105975,중고거래 사기,번개장터
양건우,2026-03-23|2026-04-03|2026-04-18|2026-04-25|2026-04-25|2026-05-01|2026-05-10|2026-05-13|2026-06-05|2026-06-09,10,하나은행,10106031365750,q8fj7s4m@gmail.com,,공공기관 과태료/범칙금 납부 안내 사기,정부 기관 사칭 사이트
이지호,2026-03-14|2026-03-15|2026-03-18|2026-03-29|2026-03-29|2026-04-30|2026-05-15|2026-05-16|2026-05-19|2026-06-08,10,IBK기업은행,0032642184398,,,공공기관 과태료/범칙금 납부 안내 사기,정부 기관 사칭 사이트
김하은,2026-03-22|2026-03-26|2026-06-02,3,KDB산업은행,02222353907715,,,취업 사기,블라인드
진민준,2026-04-06|2026-04-07|2026-04-16|2026-04-17|2026-05-09|2026-05-15|2026-05-30|2026-06-10,8,하나은행,62055510680489,e4ld9iqd@naver.com,,투자 리딩방 사기,인베스팅닷컴
남유나,2026-03-15|2026-04-09|2026-04-10|2026-04-21|2026-05-02|2026-05-14|2026-06-10,7,IBK기업은행,0013282261444,,,중고거래 사기,당근마켓
신지우,2026-03-20|2026-03-25|2026-04-20|2026-04-28|2026-05-03|2026-05-05|2026-06-03|2026-06-06,8,KDB산업은행,02253497484426,,,중고거래 사기,당근마켓
오예준,2026-05-01|2026-05-05|2026-05-16|2026-06-12,4,NH농협은행,3024143691168,,,취업 사기,잡코리아
백건우,2026-03-21|2026-03-28|2026-03-31|2026-04-04|2026-04-13|2026-05-27|2026-05-31,7,국민은행,5675445007126,,01057396836,보이스피싱,
홍지우,2026-03-20|2026-04-14|2026-04-18|2026-05-11|2026-05-12|2026-05-26,6,신한은행,110157995666,,,투자 리딩방 사기,인베스팅닷컴
윤예준,2026-03-27|2026-04-07|2026-04-10|2026-04-13|2026-04-16|2026-04-29|2026-05-02|2026-05-06|2026-05-13,9,KDB산업은행,02267525976755,yrr6471i@gmail.com,,택배/배송 사기,당근마켓
주수아,2026-03-28|2026-03-31|2026-04-16|2026-04-24|2026-05-09|2026-05-29|2026-06-11,7,신한은행,110331254255,,01040304927,택배/배송 사기,번개장터
방은우,2026-03-24|2026-03-27|2026-03-30|2026-04-06|2026-05-09|2026-05-17|2026-05-23,7,국민은행,5675108609711,xy8bvwo1@daum.net,,중고거래 사기,네이버카페
엄아름송이,2026-03-16|2026-05-09|2026-05-16|2026-05-28,4,KDB산업은행,02283626915896,x2uw5wtd@naver.com,01071373172,메신저피싱,카카오톡
신현우,2026-04-02|2026-04-09|2026-04-22|2026-04-26|2026-04-28|2026-05-05|2026-05-21|2026-05-25|2026-06-01|2026-06-07,10,하나은행,10245318132107,,,대출 빙자 사기,
우지우,2026-03-28|2026-05-06|2026-05-21,3,우리은행,1002730078018,,,불법 도박 및 사이트 홍보 스캠,
이예린,2026-03-14|2026-03-17|2026-05-25,3,국민은행,5673556229675,,,피싱 사이트 유도,
정지우,2026-03-16|2026-04-29|2026-05-25|2026-05-31,4,신한은행,100286681837,,,취업 사기,링크드인
하지안,2026-04-03|2026-04-08|2026-04-12|2026-04-23|2026-04-30|2026-05-02|2026-05-11|2026-05-22|2026-05-26|2026-06-01,10,우리은행,1002166280526,fgqu3lip@naver.com,,투자 리딩방 사기,팍스넷
노아름송이,2026-03-30|2026-04-02|2026-04-03|2026-04-11|2026-04-15|2026-04-24|2026-05-31|2026-05-31,8,신한은행,100225325077,yl6hvy0m@naver.com,01019979204,불법 도박 및 사이트 홍보 스캠,
차현우,2026-03-18|2026-04-17|2026-05-05|2026-05-13|2026-05-24|2026-06-04,6,KDB산업은행,02208694061758,,,대출 빙자 사기,
정유나,2026-03-14|2026-03-15|2026-03-22|2026-03-23|2026-05-02|2026-06-03|2026-06-04,7,NH농협은행,3012105681684,,01004061878,중고거래 사기,네이버카페
백서준,2026-03-22|2026-04-03|2026-04-08|2026-05-11|2026-05-18|2026-05-22|2026-05-27|2026-05-28|2026-06-01|2026-06-06,10,NH농협은행,3527084626117,,,택배/배송 사기,당근마켓
전지민,2026-03-30|2026-04-04|2026-04-09|2026-04-17|2026-04-26|2026-05-10|2026-05-16|2026-05-16|2026-05-17|2026-05-25,10,NH농협은행,3027115963561,cmng8e86@gmail.com,01066781321,상품권 구매 대행 사기,기프티스타
최현우,2026-04-23|2026-05-05|2026-05-16|2026-05-20|2026-05-29|2026-06-04|2026-06-07,7,NH농협은행,3024176680338,,,스미싱,
최서준,2026-03-14|2026-03-19|2026-04-07|2026-04-18|2026-04-24|2026-05-07|2026-06-03,7,우리은행,1002024588716,,,보이스피싱,
김예린,2026-03-27|2026-03-29|2026-04-15|2026-04-15|2026-04-18|2026-05-03|2026-05-08|2026-06-12,8,신한은행,100942536729,z3t7d733@daum.net,,택배/배송 사기,당근마켓
공민준,2026-03-14|2026-03-18|2026-03-20|2026-04-09|2026-04-17|2026-04-22|2026-04-26|2026-04-30|2026-05-12|2026-06-07,10,신한은행,110112388611,80mtmopa@gmail.com,,스미싱,
원하린,2026-03-16|2026-03-29|2026-04-26|2026-05-28,4,우리은행,1002402147361,wbq0eit7@naver.com,,취업 사기,블라인드
제갈지우,2026-03-20|2026-03-21|2026-03-28|2026-05-03,4,하나은행,10246244734039,,01012165851,보이스피싱,
윤도윤,2026-04-01|2026-04-11|2026-05-13|2026-05-19|2026-05-20|2026-05-25|2026-05-25|2026-06-05|2026-06-06|2026-06-11,10,KDB산업은행,02235680211187,,,중고거래 사기,번개장터
이하은,2026-03-30|2026-04-27|2026-05-06,3,국민은행,1233635762493,,01095333538,택배/배송 사기,번개장터
권은우,2026-03-26|2026-04-20|2026-05-02|2026-05-14|2026-05-21|2026-06-01,6,국민은행,7896091239569,,,로맨스 스캠,
임예린,2026-04-26|2026-05-05|2026-05-23|2026-05-24,4,NH농협은행,3025716648416,,,로맨스 스캠,
심현우,2026-03-16|2026-05-12|2026-05-13|2026-05-17,4,IBK기업은행,0026639617701,,,투자 리딩방 사기,증권플러스
전서윤,2026-05-14|2026-05-29|2026-05-31,3,NH농협은행,3024416762558,,01000712722,스미싱,
신하린,2026-03-24|2026-05-02|2026-05-12|2026-05-13|2026-05-28|2026-06-11|2026-06-11,7,우리은행,1002802136722,,,메신저피싱,카카오톡
공유진,2026-03-27|2026-03-28|2026-04-12|2026-06-11,4,NH농협은행,3012090151452,,01021185714,로맨스 스캠,
심서윤,2026-03-18|2026-04-23|2026-06-08,3,하나은행,62052921651985,lkmp1ivq@naver.com,,메신저피싱,카카오톡
심민준,2026-03-24|2026-05-01|2026-05-04,3,KDB산업은행,02266245592392,uldgn8t3@naver.com,,취업 사기,블라인드
류지우,2026-03-20|2026-03-27|2026-04-11|2026-04-26|2026-04-28|2026-04-29|2026-05-06|2026-05-09,8,하나은행,10192527001500,,01050707126,스미싱,
임예린,2026-05-01|2026-05-22|2026-06-09,3,국민은행,0017308009245,,01000809897,투자 리딩방 사기,씽크풀
문서준,2026-03-25|2026-03-31|2026-04-02|2026-04-12|2026-05-07|2026-05-11|2026-05-15|2026-05-23,8,신한은행,110734997209,,,취업 사기,링크드인
송시우,2026-03-23|2026-04-01|2026-05-14|2026-05-14|2026-05-19,5,국민은행,7898432631608,9tcck02z@naver.com,01048135337,투자 리딩방 사기,팍스넷
양지민,2026-03-28|2026-04-07|2026-04-21|2026-04-25|2026-05-01|2026-05-19|2026-05-25|2026-05-25|2026-06-03|2026-06-09,10,KDB산업은행,02276956066259,xvrw0r91@naver.com,01012741130,중고거래 사기,중고나라
류하준,2026-03-18|2026-03-21|2026-04-18|2026-04-20,4,IBK기업은행,0028141529050,vw4sjhgg@naver.com,01093862844,계정 도용을 통한 가상화폐 갈취,
원건우,2026-04-03|2026-04-09|2026-04-26|2026-05-03|2026-05-10|2026-05-26|2026-05-31,7,우리은행,1002726179074,,01033188270,로맨스 스캠,
심현우,2026-04-10|2026-04-14|2026-05-10|2026-05-12|2026-05-12|2026-05-26|2026-06-05,7,KDB산업은행,02298233960708,rkql0sot@gmail.com,,불법 도박 및 사이트 홍보 스캠,
주하준,2026-03-14|2026-03-16|2026-03-29|2026-04-03|2026-04-07|2026-04-17|2026-04-24|2026-05-26|2026-05-27,9,신한은행,110144871358,d80i4sum@gmail.com,,스미싱,
배지안,2026-04-06|2026-05-03|2026-05-31,3,국민은행,7897392514496,31tzi8bu@naver.com,01072943985,상품권 구매 대행 사기,중고나라
공건우,2026-03-28|2026-04-04|2026-05-04|2026-05-14|2026-05-20|2026-05-24|2026-05-25|2026-06-03,8,신한은행,110993538436,,,피싱 사이트 유도,
민예준,2026-04-16|2026-05-07|2026-05-31,3,NH농협은행,3511131274960,,,취업 사기,링크드인
오나연,2026-03-19|2026-03-26|2026-03-29|2026-03-31|2026-04-06|2026-04-09|2026-04-16|2026-04-26|2026-05-17|2026-05-28,10,IBK기업은행,0028828883759,z2s171qz@gmail.com,,불법 도박 및 사이트 홍보 스캠,
권시우,2026-03-28|2026-03-29|2026-04-17|2026-04-19|2026-04-23|2026-05-03|2026-05-04|2026-05-23|2026-05-24|2026-06-07,10,하나은행,10172861334352,,01009841543,상품권 구매 대행 사기,기프티스타
장수아,2026-03-26|2026-03-27|2026-04-04|2026-04-08|2026-05-06,5,하나은행,10117522503834,vihas08r@naver.com,,취업 사기,잡코리아
송하준,2026-03-14|2026-03-17|2026-03-28|2026-04-02|2026-05-15|2026-05-30,6,NH농협은행,3515088830041,y23yzmk0@daum.net,01069436581,상품권 구매 대행 사기,기프티스타
남지민,2026-04-02|2026-04-10|2026-04-29|2026-05-14|2026-06-02|2026-06-05,6,국민은행,0017703996355,,01036497019,투자 리딩방 사기,인베스팅닷컴
노지호,2026-03-18|2026-03-25|2026-04-01|2026-04-04|2026-04-05|2026-04-06|2026-04-06|2026-04-13|2026-04-16|2026-04-22,10,신한은행,100836323092,,01079222762,보이스피싱,
배서준,2026-03-20|2026-03-23|2026-04-05|2026-05-08|2026-05-12|2026-05-15,6,하나은행,10124986079151,mne2rzxg@naver.com,01024101104,불법 도박 및 사이트 홍보 스캠,
곽지안,2026-03-16|2026-03-17|2026-03-27|2026-04-10|2026-04-13|2026-04-15|2026-04-16|2026-05-11|2026-06-01|2026-06-07,10,우리은행,1002799512244,7vqsjcwk@naver.com,,보이스피싱,
권아름송이,2026-03-14|2026-03-18|2026-03-22|2026-04-21|2026-04-24|2026-04-28|2026-04-29|2026-05-08|2026-05-08,9,하나은행,62026853658722,nu5nxsak@gmail.com,01078715111,보이스피싱,
황시우,2026-03-20|2026-03-28|2026-04-18|2026-04-24|2026-05-05|2026-06-10,6,국민은행,0013836315453,eor80pm0@gmail.com,01097887371,공공기관 과태료/범칙금 납부 안내 사기,정부 기관 사칭 사이트
윤지안,2026-03-20|2026-03-21|2026-04-03|2026-04-03|2026-04-06|2026-04-08|2026-04-24|2026-05-06,8,하나은행,62092610707886,o0aqocai@daum.net,01072535795,불법 도박 및 사이트 홍보 스캠,
안지호,2026-04-06|2026-04-16|2026-05-13,3,우리은행,1002802606431,x7e37rop@daum.net,01072963561,공공기관 과태료/범칙금 납부 안내 사기,정부 기관 사칭 사이트
손하린,2026-03-29|2026-04-09|2026-04-26|2026-04-29|2026-05-05|2026-05-09|2026-05-12|2026-05-18|2026-06-01,9,NH농협은행,3519569927925,i81k4154@daum.net,,투자 리딩방 사기,인베스팅닷컴
임준서,2026-03-18|2026-03-20|2026-03-27|2026-04-02|2026-05-04|2026-05-06|2026-05-11|2026-06-01,8,IBK기업은행,0011640644756,w7g7fnv3@naver.com,,상품권 구매 대행 사기,당근마켓
한서윤,2026-03-31|2026-04-18|2026-05-15|2026-05-16|2026-05-31,5,국민은행,0012767843765,opfckf5i@naver.com,01047985296,중고거래 사기,번개장터
성하준,2026-03-16|2026-03-28|2026-04-13|2026-04-17|2026-04-19|2026-04-27|2026-04-29|2026-06-03|2026-06-06,9,KDB산업은행,02209405267995,efrekgps@gmail.com,,택배/배송 사기,번개장터
원도현,2026-03-19|2026-03-21|2026-03-29|2026-04-14|2026-05-02|2026-05-05|2026-05-25|2026-06-10,8,하나은행,62092024200537,,,택배/배송 사기,당근마켓
강하준,2026-04-08|2026-05-12|2026-05-17,3,IBK기업은행,0010381337711,6tgn2p20@gmail.com,,보이스피싱,
노도현,2026-03-21|2026-03-24|2026-04-17|2026-04-23|2026-05-09|2026-05-11|2026-05-30|2026-05-31|2026-06-09|2026-06-12,10,하나은행,10138058143112,yym6k3rm@daum.net,,보이스피싱,
장하준,2026-05-04|2026-05-16|2026-05-24|2026-06-05,4,하나은행,62004997478665,rfgi3fpg@gmail.com,01004755482,공공기관 과태료/범칙금 납부 안내 사기,정부 기관 사칭 사이트
지지안,2026-04-11|2026-04-17|2026-05-31,3,NH농협은행,3018137628880,,,보이스피싱,
배민준,2026-04-17|2026-05-03|2026-06-12,3,신한은행,100640595968,uzs0c7s8@gmail.com,01083901995,로맨스 스캠,
윤나연,2026-03-14|2026-03-17|2026-03-22|2026-03-25|2026-04-09|2026-04-16|2026-05-03|2026-05-09|2026-05-12,9,IBK기업은행,0032646474615,,,택배/배송 사기,당근마켓
박지민,2026-03-20|2026-04-12|2026-04-26,3,국민은행,7895277121599,z9jvw75a@naver.com,,메신저피싱,카카오톡
민예린,2026-03-18|2026-03-27|2026-04-13|2026-04-15|2026-04-16|2026-04-30|2026-05-04|2026-05-14|2026-05-27,9,NH농협은행,3521729785566,,01006684744,보이스피싱,
최서윤,2026-03-14|2026-03-18|2026-03-27|2026-04-30|2026-05-06|2026-05-30,6,KDB산업은행,02287706577263,cga4cr4t@daum.net,01000351431,투자 리딩방 사기,팍스넷
백지호,2026-03-31|2026-04-14|2026-04-19|2026-05-08|2026-06-11,5,IBK기업은행,0020010461385,w1dvh604@daum.net,01094455268,피싱 사이트 유도,
백지우,2026-05-02|2026-05-10|2026-06-02|2026-06-06,4,NH농협은행,3526937863929,,01095214981,계정 도용을 통한 가상화폐 갈취,
제갈지민,2026-03-21|2026-03-25|2026-04-12|2026-04-30|2026-05-01|2026-05-02|2026-05-14|2026-05-27|2026-06-11,9,우리은행,1002863318050,,,보이스피싱,
박하린,2026-03-22|2026-03-23|2026-03-27|2026-04-06|2026-04-06|2026-05-02|2026-05-09|2026-06-07,8,신한은행,110877253057,,01067359280,택배/배송 사기,번개장터
곽서윤,2026-04-13|2026-04-27|2026-05-11|2026-05-11|2026-05-13|2026-05-14|2026-05-17|2026-06-06|2026-06-06|2026-06-07,10,우리은행,1002511876577,,01028221689,불법 도박 및 사이트 홍보 스캠,
홍지민,2026-03-19|2026-03-30|2026-04-14|2026-04-17|2026-05-18|2026-05-22|2026-06-04|2026-06-10,8,NH농협은행,3518127263708,hankluur@naver.com,,계정 도용을 통한 가상화폐 갈취,
하예린,2026-03-17|2026-04-06|2026-04-07|2026-04-19|2026-04-25|2026-05-08|2026-05-08|2026-05-29,8,IBK기업은행,0035586869299,nlepdx9l@gmail.com,01070123863,피싱 사이트 유도,
민지우,2026-03-20|2026-04-11|2026-04-12|2026-05-07|2026-05-13|2026-05-30,6,하나은행,62053362031709,,01095890127,메신저피싱,라인
박하린,2026-03-24|2026-05-08|2026-05-28,3,신한은행,110658296932,,01054432960,투자 리딩방 사기,증권플러스
방도현,2026-03-21|2026-03-29|2026-04-13|2026-05-07|2026-06-06,5,IBK기업은행,0036018925018,,,택배/배송 사기,당근마켓
신예린,2026-03-18|2026-03-29|2026-03-31|2026-04-04|2026-04-07|2026-04-11|2026-06-10,7,IBK기업은행,0011988687740,,,투자 리딩방 사기,인베스팅닷컴
송건우,2026-03-16|2026-03-17|2026-03-30|2026-03-31|2026-04-05|2026-04-28|2026-05-01|2026-05-22|2026-05-22|2026-06-04,10,KDB산업은행,02225049066020,76jerszp@daum.net,01000429384,상품권 구매 대행 사기,당근마켓
배서윤,2026-03-14|2026-04-20|2026-04-22|2026-04-26|2026-05-13|2026-05-22|2026-06-03|2026-06-05,8,신한은행,100458964141,,,공공기관 과태료/범칙금 납부 안내 사기,정부 기관 사칭 사이트
성예린,2026-03-15|2026-03-16|2026-04-15|2026-04-26|2026-04-27|2026-05-22|2026-06-04,7,국민은행,0010593689607,,01098414198,계정 도용을 통한 가상화폐 갈취,
남민준,2026-03-22|2026-04-03|2026-04-19|2026-04-21|2026-05-15|2026-05-15|2026-05-17|2026-05-18|2026-05-21|2026-06-07,10,KDB산업은행,02207762973748,vuitqzmp@gmail.com,,피싱 사이트 유도,
엄민준,2026-03-23|2026-03-30|2026-03-30|2026-03-31|2026-04-01|2026-04-06|2026-05-09|2026-05-21|2026-06-05|2026-06-11,10,하나은행,10239278955371,emijf7uw@naver.com,,피싱 사이트 유도,
임지민,2026-03-27|2026-03-29|2026-04-02|2026-04-28|2026-05-04|2026-05-07|2026-05-14|2026-06-03,8,IBK기업은행,0016892143428,,,보이스피싱,
서현우,2026-03-23|2026-04-06|2026-04-28|2026-05-23|2026-05-29|2026-05-29|2026-06-11,7,신한은행,100661660176,ukarrlw3@daum.net,,택배/배송 사기,당근마켓
한유나,2026-03-15|2026-03-17|2026-05-13|2026-05-17,4,IBK기업은행,0017805449869,,01050053212,투자 리딩방 사기,인베스팅닷컴
장시은,2026-03-29|2026-04-08|2026-04-10|2026-04-29|2026-05-05|2026-05-13|2026-05-14|2026-05-15|2026-05-19|2026-06-08,10,NH농협은행,3513509634232,i5g3g3zs@naver.com,,보이스피싱,
노은우,2026-04-03|2026-04-12|2026-05-01|2026-05-25,4,IBK기업은행,0024096090041,,,대출 빙자 사기,
황현우,2026-03-18|2026-03-20|2026-03-20|2026-04-13|2026-04-22|2026-04-29|2026-05-23|2026-06-04|2026-06-09,9,우리은행,1002409240047,,,스미싱,
우예린,2026-03-30|2026-04-22|2026-05-07|2026-05-27,4,하나은행,10159845452159,5icm5mxx@naver.com,01071427176,중고거래 사기,당근마켓
채시우,2026-03-14|2026-03-21|2026-04-02|2026-04-10|2026-04-13|2026-04-28|2026-05-13|2026-05-18|2026-05-23|2026-06-05,10,IBK기업은행,0036435613762,ssk5zsru@naver.com,01052510145,보이스피싱,
천지우,2026-04-07|2026-04-19|2026-04-20|2026-04-25|2026-04-27|2026-04-29|2026-05-13,7,IBK기업은행,0023371266036,fto3anwu@daum.net,01073916123,상품권 구매 대행 사기,당근마켓
엄아름송이,2026-03-22|2026-04-03|2026-04-03|2026-04-03|2026-04-14|2026-05-11,6,우리은행,1002420886186,,01055078920,스미싱,
구서준,2026-04-02|2026-04-13|2026-06-03|2026-06-07|2026-06-07,5,국민은행,0011370164099,,,상품권 구매 대행 사기,당근마켓
한서준,2026-04-21|2026-04-24|2026-05-22,3,IBK기업은행,0023887794737,jcfw9flb@gmail.com,,피싱 사이트 유도,
지지우,2026-03-22|2026-04-03|2026-04-24|2026-05-04|2026-05-08|2026-05-27|2026-05-28|2026-06-06,8,하나은행,10281604767614,,01073755412,대출 빙자 사기,
전서준,2026-03-18|2026-05-09|2026-05-24|2026-05-30|2026-06-06,5,신한은행,110641077800,utts297z@gmail.com,,피싱 사이트 유도,
배도현,2026-03-21|2026-03-31|2026-04-04|2026-04-11|2026-04-15|2026-04-28|2026-05-20|2026-06-05|2026-06-09,9,하나은행,10249051930873,,,상품권 구매 대행 사기,기프티스타
전예준,2026-03-28|2026-04-14|2026-04-24|2026-05-27|2026-06-12,5,IBK기업은행,0033787631367,,01058325648,스미싱,
조도현,2026-04-14|2026-04-16|2026-04-18|2026-05-29|2026-06-11,5,IBK기업은행,0031191133081,ijw3megp@daum.net,01000333445,계정 도용을 통한 가상화폐 갈취,
김하준,2026-03-14|2026-04-29|2026-05-01|2026-05-24,4,우리은행,1002841230191,,,공공기관 과태료/범칙금 납부 안내 사기,정부 기관 사칭 사이트
유지우,2026-03-17|2026-03-17|2026-03-29|2026-05-01|2026-05-02|2026-05-06|2026-05-24|2026-06-07|2026-06-07,9,하나은행,10274897422134,,01082883240,메신저피싱,라인
엄아름송이,2026-04-04|2026-04-07|2026-04-19|2026-05-10|2026-05-13|2026-05-17|2026-05-28|2026-06-07|2026-06-08,9,신한은행,110047381814,,01047583939,중고거래 사기,당근마켓
고예준,2026-04-20|2026-04-23|2026-05-03|2026-05-08|2026-05-09|2026-05-30,6,NH농협은행,3529279293647,zix9orp7@gmail.com,,메신저피싱,카카오톡
심예린,2026-03-18|2026-03-19|2026-03-23|2026-04-07|2026-04-25,5,NH농협은행,3513606415761,,,투자 리딩방 사기,팍스넷
최하린,2026-03-28|2026-04-15|2026-06-03|2026-06-11,4,국민은행,5671690438700,f163q4jv@daum.net,,스미싱,
주예린,2026-03-16|2026-04-17|2026-05-03|2026-05-17|2026-06-06,5,IBK기업은행,0023432749190,,,보이스피싱,
한하준,2026-03-29|2026-04-04|2026-04-06|2026-04-11|2026-04-29|2026-05-06|2026-06-08,7,하나은행,62039030642363,g1j1w5x1@daum.net,,중고거래 사기,당근마켓
유하린,2026-04-01|2026-04-24|2026-05-18|2026-05-23|2026-05-28|2026-05-29,6,우리은행,1002745719104,uvrd80ev@gmail.com,,중고거래 사기,중고나라
주하린,2026-03-27|2026-03-27|2026-03-29|2026-04-08|2026-04-11|2026-04-29|2026-05-02|2026-05-11,8,하나은행,10187490019248,nj0yh0zg@daum.net,01047154777,투자 리딩방 사기,팍스넷
제갈지안,2026-04-04|2026-04-16|2026-04-28|2026-04-30|2026-05-03|2026-05-24,6,NH농협은행,3523626995993,,,불법 도박 및 사이트 홍보 스캠,
임예린,2026-04-07|2026-04-22|2026-05-09|2026-05-28|2026-06-01|2026-06-02,6,IBK기업은행,0022734034263,qcmgkyad@naver.com,01036958130,상품권 구매 대행 사기,당근마켓
임예린,2026-03-25|2026-03-28|2026-03-31|2026-04-17|2026-04-21|2026-05-02|2026-06-02|2026-06-07,8,신한은행,100213352711,t10jgog1@gmail.com,01043152823,로맨스 스캠,
배지호,2026-03-15|2026-04-05|2026-04-18|2026-04-30|2026-05-02|2026-05-05|2026-05-17|2026-05-28|2026-06-07|2026-06-12,10,국민은행,1234852595433,rp8zup66@naver.com,01028641651,불법 도박 및 사이트 홍보 스캠,
송현우,2026-03-17|2026-03-26|2026-04-16|2026-04-25|2026-05-07|2026-05-28|2026-05-30|2026-06-03,8,신한은행,100187524981,cdc0ltsq@naver.com,,투자 리딩방 사기,인베스팅닷컴
방예준,2026-03-15|2026-03-23|2026-04-04|2026-04-23|2026-05-01|2026-05-04|2026-05-26|2026-05-30|2026-06-12,9,IBK기업은행,0031711317410,,,상품권 구매 대행 사기,중고나라
백유나,2026-03-29|2026-04-05|2026-04-12|2026-04-12|2026-04-14|2026-04-14|2026-04-23|2026-05-03|2026-06-06,9,우리은행,1002681060831,,,상품권 구매 대행 사기,중고나라
공서준,2026-03-27|2026-04-04|2026-04-13|2026-04-26|2026-05-01|2026-05-02|2026-05-03|2026-05-05|2026-05-24|2026-05-29,10,우리은행,1002212452356,,01015391717,상품권 구매 대행 사기,번개장터
공도현,2026-03-17|2026-03-19|2026-04-04|2026-04-20|2026-05-10|2026-05-12|2026-05-14|2026-05-21|2026-05-22|2026-05-31,10,NH농협은행,3010421122439,313k7e9z@gmail.com,,불법 도박 및 사이트 홍보 스캠,
윤서윤,2026-03-19|2026-04-21|2026-06-01,3,NH농협은행,3020612009491,416cx9yk@gmail.com,,메신저피싱,카카오톡
이시은,2026-03-23|2026-03-26|2026-04-01|2026-04-20|2026-04-27|2026-05-15|2026-05-20|2026-05-31|2026-06-05,9,신한은행,110901223388,,01005427571,불법 도박 및 사이트 홍보 스캠,
제갈도현,2026-03-22|2026-04-04|2026-04-18|2026-04-29|2026-05-07|2026-05-22,6,NH농협은행,3526276192361,31j0jd41@naver.com,,투자 리딩방 사기,증권플러스
진지우,2026-03-28|2026-03-31|2026-04-07|2026-04-07|2026-04-12|2026-05-10|2026-05-24|2026-05-27|2026-06-12,9,KDB산업은행,02237654747847,e9gp7j3l@daum.net,,상품권 구매 대행 사기,번개장터
차지민,2026-03-27|2026-05-04|2026-05-29,3,KDB산업은행,02279357129407,86qdnc62@gmail.com,,스미싱,
유건우,2026-03-21|2026-03-21|2026-03-25|2026-03-31|2026-04-01|2026-04-17|2026-05-04|2026-05-07|2026-06-04|2026-06-12,10,국민은행,0011455308664,wpnnprbc@naver.com,01012706482,로맨스 스캠,
윤아름송이,2026-04-22|2026-04-22|2026-05-03|2026-05-06|2026-06-08|2026-06-11,6,KDB산업은행,02261404473823,es8qaih8@daum.net,,스미싱,
전하준,2026-03-16|2026-03-21|2026-04-03|2026-04-30|2026-05-03|2026-05-13,6,우리은행,1002946442360,bn94o2ty@gmail.com,01052279405,공공기관 과태료/범칙금 납부 안내 사기,정부 기관 사칭 사이트
제갈하린,2026-04-01|2026-04-14|2026-04-24|2026-05-30,4,NH농협은행,3528481881754,ptpxg0zh@gmail.com,01036050833,로맨스 스캠,
윤지호,2026-04-11|2026-05-05|2026-05-06|2026-06-04|2026-06-07|2026-06-08,6,IBK기업은행,0035169487105,5zzxkvk3@daum.net,01068225720,메신저피싱,라인
임시은,2026-04-08|2026-04-13|2026-04-14|2026-05-09|2026-05-16|2026-05-25|2026-05-25,7,신한은행,110182393323,b770rcpj@gmail.com,01030009630,메신저피싱,텔레그램
한예준,2026-04-11|2026-04-22|2026-05-18|2026-06-10,4,우리은행,1002959550292,g6ttkijz@gmail.com,,공공기관 과태료/범칙금 납부 안내 사기,정부 기관 사칭 사이트
민하은,2026-03-14|2026-04-10|2026-04-14,3,하나은행,62034417871117,ah2gfz02@naver.com,01077689933,로맨스 스캠,
심서준,2026-04-06|2026-04-13|2026-04-14|2026-04-24|2026-04-29|2026-05-13|2026-05-24,7,KDB산업은행,02259651293841,ro9r6v9v@naver.com,,대출 빙자 사기,
주하린,2026-03-20|2026-04-26|2026-05-08|2026-05-16|2026-05-20,5,신한은행,110684313061,19ntoihq@gmail.com,01046315764,불법 도박 및 사이트 홍보 스캠,
공민준,2026-03-16|2026-03-28|2026-03-29|2026-04-05|2026-04-18|2026-04-18|2026-05-23,7,NH농협은행,3013468044773,,01027411252,공공기관 과태료/범칙금 납부 안내 사기,정부 기관 사칭 사이트
엄나연,2026-03-16|2026-03-23|2026-06-07,3,우리은행,1002252876762,i6rejjwu@naver.com,01011255869,택배/배송 사기,번개장터
남서윤,2026-03-30|2026-04-07|2026-05-09|2026-05-16|2026-05-28,5,NH농협은행,3016524855883,gwhkgitx@naver.com,01088620562,보이스피싱,
배나연,2026-03-28|2026-04-04|2026-04-20|2026-04-21|2026-04-22|2026-04-25,6,우리은행,1002716735358,umdep8l6@naver.com,01023127670,공공기관 과태료/범칙금 납부 안내 사기,정부 기관 사칭 사이트
심나연,2026-03-15|2026-03-19|2026-03-23|2026-03-31|2026-04-08|2026-06-09,6,우리은행,1002457368117,4q6b4v3q@gmail.com,,공공기관 과태료/범칙금 납부 안내 사기,정부 기관 사칭 사이트
고지우,2026-04-11|2026-05-07|2026-06-01|2026-06-04,4,국민은행,0012242787040,93a4s370@daum.net,,투자 리딩방 사기,증권플러스
제갈도윤,2026-03-26|2026-04-12|2026-05-11|2026-05-27,4,신한은행,110497144936,,01082786369,불법 도박 및 사이트 홍보 스캠,
임시은,2026-03-23|2026-03-23|2026-03-31|2026-04-28,4,우리은행,1002091769836,,01064158327,공공기관 과태료/범칙금 납부 안내 사기,정부 기관 사칭 사이트
고지호,2026-03-20|2026-03-31|2026-04-05|2026-04-13|2026-04-17|2026-04-20|2026-04-30|2026-05-17|2026-05-25|2026-06-12,10,하나은행,10193543698891,,,보이스피싱,
차유진,2026-03-14|2026-03-16|2026-03-30|2026-04-11|2026-04-18|2026-04-24|2026-05-20|2026-05-31|2026-06-08,9,우리은행,1002685606798,,01012941293,취업 사기,블라인드
방시은,2026-04-09|2026-04-23|2026-05-02|2026-06-10,4,KDB산업은행,02276813805374,,,공공기관 과태료/범칙금 납부 안내 사기,정부 기관 사칭 사이트
천하준,2026-03-22|2026-03-30|2026-04-06|2026-04-18|2026-04-28|2026-05-13|2026-05-14|2026-05-14|2026-05-23,9,NH농협은행,3520472088532,,,투자 리딩방 사기,증권플러스
강도윤,2026-03-20|2026-05-05|2026-05-06|2026-05-13|2026-05-16|2026-05-21|2026-05-22|2026-05-23,8,NH농협은행,3523798928210,btydy857@naver.com,01000895234,택배/배송 사기,당근마켓
양유진,2026-03-24|2026-03-28|2026-04-07|2026-04-14|2026-06-06|2026-06-07,6,KDB산업은행,02289787738573,j8j9cysj@gmail.com,,투자 리딩방 사기,팍스넷
허하은,2026-03-16|2026-03-31|2026-04-08|2026-04-12|2026-04-15|2026-04-17|2026-05-05|2026-06-08,8,KDB산업은행,02293364014585,,,취업 사기,사람인
송준서,2026-03-18|2026-03-24|2026-03-27|2026-04-10|2026-04-10|2026-05-20|2026-05-27,7,국민은행,5674425294947,5wn29fqn@daum.net,01050252664,공공기관 과태료/범칙금 납부 안내 사기,정부 기관 사칭 사이트
채하린,2026-03-21|2026-04-14|2026-04-26|2026-04-29|2026-05-12|2026-05-13|2026-05-17|2026-05-18|2026-05-21,9,하나은행,10281261037965,yze6ya2q@naver.com,,중고거래 사기,네이버카페
손도현,2026-03-22|2026-04-27|2026-05-01|2026-05-14,4,하나은행,10292830077633,3v6egfhs@daum.net,01099816413,스미싱,
문수아,2026-03-24|2026-04-21|2026-04-27|2026-05-06,4,하나은행,10274314083340,8l6omufr@naver.com,01056599584,취업 사기,잡코리아
윤지우,2026-03-18|2026-04-14|2026-05-02|2026-06-07,4,신한은행,110665183026,,01008942294,불법 도박 및 사이트 홍보 스캠,
방서윤,2026-03-20|2026-04-17|2026-04-20|2026-04-26|2026-04-27|2026-06-02|2026-06-04|2026-06-10,8,KDB산업은행,02299957182176,vf9h3ly9@naver.com,,대출 빙자 사기,
홍시은,2026-05-19|2026-06-07|2026-06-12,3,KDB산업은행,02281981696867,f8nsdjk8@daum.net,01002537570,스미싱,
정준서,2026-03-23|2026-03-24|2026-04-04|2026-04-21|2026-05-07|2026-05-16|2026-05-27,7,하나은행,10109205021212,seceb0ly@naver.com,,취업 사기,블라인드
송은우,2026-04-03|2026-04-07|2026-04-18|2026-04-27|2026-05-01|2026-05-02|2026-06-03,7,KDB산업은행,02234954532631,,01011350012,투자 리딩방 사기,인베스팅닷컴
신예준,2026-04-09|2026-04-12|2026-04-17|2026-04-25|2026-04-27|2026-04-27|2026-04-28|2026-05-06|2026-06-03,9,우리은행,1002345124731,,01043932486,불법 도박 및 사이트 홍보 스캠,
이시은,2026-03-18|2026-03-20|2026-04-10|2026-04-15|2026-04-16|2026-05-14|2026-05-27|2026-05-30,8,신한은행,110302669715,yshv97uv@gmail.com,01087435593,불법 도박 및 사이트 홍보 스캠,
오하준,2026-03-15|2026-03-25|2026-05-05|2026-05-12,4,우리은행,1002801311986,,01034704916,중고거래 사기,네이버카페
곽준서,2026-03-17|2026-04-02|2026-04-08|2026-04-13|2026-05-01|2026-05-07|2026-05-09|2026-05-17,8,IBK기업은행,0036387506434,z67vdtd6@naver.com,,로맨스 스캠,
이준서,2026-04-16|2026-04-17|2026-04-19|2026-04-20|2026-04-29|2026-05-16|2026-05-18|2026-05-29|2026-06-02|2026-06-12,10,국민은행,0014195282180,grpl8ken@naver.com,,중고거래 사기,당근마켓
곽하린,2026-03-17|2026-04-03|2026-04-10|2026-04-19|2026-04-22|2026-05-25|2026-06-09,7,NH농협은행,3518163081090,65u8cljc@naver.com,,대출 빙자 사기,
송서연,2026-03-19|2026-03-30|2026-04-11|2026-04-18|2026-04-23|2026-04-28|2026-04-29|2026-06-08|2026-06-12,9,신한은행,100998790293,,,보이스피싱,
신시은,2026-03-18|2026-03-19|2026-04-16|2026-04-29|2026-05-08|2026-05-25|2026-05-25|2026-05-29|2026-06-02|2026-06-10,10,국민은행,5677154859415,2e0vuhrd@daum.net,,계정 도용을 통한 가상화폐 갈취,
고나연,2026-03-22|2026-03-29|2026-04-19|2026-05-02|2026-05-22,5,IBK기업은행,0010825583338,owrewltd@daum.net,,택배/배송 사기,번개장터
배서준,2026-03-14|2026-04-01|2026-04-04|2026-04-17|2026-04-24|2026-04-27|2026-05-05|2026-05-31|2026-06-03,9,신한은행,110472804229,,01039013546,대출 빙자 사기,
윤하은,2026-03-16|2026-03-18|2026-03-18|2026-03-27|2026-05-17|2026-05-19|2026-06-01,7,NH농협은행,3524615890251,05z4honu@daum.net,,대출 빙자 사기,
강하준,2026-03-17|2026-05-14|2026-05-22,3,NH농협은행,3526909978196,,01069545748,공공기관 과태료/범칙금 납부 안내 사기,정부 기관 사칭 사이트
이유나,2026-03-18|2026-04-14|2026-04-15|2026-04-23|2026-05-08|2026-05-23|2026-05-27|2026-06-10,8,하나은행,62031664484712,i303tz95@gmail.com,,상품권 구매 대행 사기,중고나라
신서윤,2026-03-15|2026-03-26|2026-04-27|2026-05-13|2026-05-20|2026-05-22|2026-05-25|2026-06-01|2026-06-09,9,우리은행,1002670787121,lafil8d5@daum.net,,투자 리딩방 사기,인베스팅닷컴
차하준,2026-03-21|2026-05-05|2026-05-07,3,신한은행,110255511058,fwi3p8d0@daum.net,,메신저피싱,라인
한건우,2026-03-15|2026-03-16|2026-04-05|2026-04-05|2026-04-15|2026-04-24|2026-05-17,7,IBK기업은행,0024724653186,vqk2kruf@gmail.com,,피싱 사이트 유도,
방지안,2026-05-22|2026-06-05|2026-06-06|2026-06-09,4,NH농협은행,3516523308678,oszagc23@naver.com,01082232615,상품권 구매 대행 사기,당근마켓
차나연,2026-03-21|2026-04-27|2026-05-22|2026-05-26|2026-06-06|2026-06-08,6,하나은행,10175444445652,916xac4c@naver.com,01051673415,중고거래 사기,당근마켓
오지호,2026-03-31|2026-04-12|2026-04-15|2026-04-16|2026-04-21|2026-04-29|2026-05-05|2026-05-09|2026-05-20,9,NH농협은행,3018347261252,,,취업 사기,블라인드
신준서,2026-03-14|2026-03-25|2026-04-07|2026-04-25|2026-05-19|2026-06-11|2026-06-12,7,IBK기업은행,0030741343647,,01083408299,공공기관 과태료/범칙금 납부 안내 사기,정부 기관 사칭 사이트
조예린,2026-03-18|2026-04-16|2026-04-28|2026-05-09|2026-05-13|2026-05-30,6,우리은행,1002104398560,e8xsxozz@naver.com,,투자 리딩방 사기,증권플러스
신도현,2026-03-25|2026-04-27|2026-05-20|2026-05-27|2026-06-06,5,국민은행,0013330122465,,01039691266,계정 도용을 통한 가상화폐 갈취,
방도현,2026-03-30|2026-04-24|2026-05-01|2026-05-15|2026-05-26|2026-05-29|2026-06-07,7,KDB산업은행,02224764056124,,,피싱 사이트 유도,
원하준,2026-03-27|2026-04-01|2026-04-06|2026-04-25|2026-04-27|2026-05-01|2026-05-30|2026-06-01|2026-06-08,9,하나은행,62047831359682,47s6n1hq@naver.com,01031840288,스미싱,
남유진,2026-03-28|2026-03-30|2026-04-18|2026-04-21|2026-05-16|2026-05-19|2026-05-30,7,우리은행,1002375095274,,01053810447,보이스피싱,
김현우,2026-03-22|2026-04-06|2026-04-10|2026-04-13|2026-05-03|2026-05-08|2026-05-09|2026-05-09|2026-05-14|2026-05-24,10,IBK기업은행,0038347434145,f64v1z13@gmail.com,01078798377,메신저피싱,카카오톡
최시우,2026-03-19|2026-03-28|2026-04-01|2026-04-06|2026-04-19|2026-05-06|2026-05-18|2026-05-28|2026-05-29|2026-06-09,10,하나은행,62022935901550,hqr3n2zf@naver.com,01012297501,피싱 사이트 유도,
김나연,2026-03-27|2026-04-14|2026-04-16|2026-04-16|2026-04-18|2026-06-05,6,신한은행,100508409660,bxfohgf9@naver.com,01027751863,상품권 구매 대행 사기,번개장터
김하준,2026-03-28|2026-04-12|2026-04-29|2026-05-05|2026-05-05|2026-05-12|2026-05-21|2026-05-22|2026-05-24|2026-06-11,10,KDB산업은행,02260632706203,,01018839019,피싱 사이트 유도,
오예린,2026-03-30|2026-05-02|2026-05-04|2026-05-11|2026-05-17|2026-05-24|2026-06-01,7,우리은행,1002393031308,,01013317424,스미싱,
양지안,2026-03-21|2026-03-28|2026-04-01|2026-04-02|2026-04-11|2026-04-16|2026-04-24|2026-05-21|2026-05-28|2026-05-30,10,국민은행,1230473631045,,,택배/배송 사기,당근마켓
문준서,2026-04-02|2026-04-05|2026-04-15|2026-04-21|2026-05-18,5,하나은행,10292199944861,,01057422378,불법 도박 및 사이트 홍보 스캠,
민아름송이,2026-04-03|2026-04-14|2026-06-02|2026-06-04|2026-06-05|2026-06-07,6,IBK기업은행,0025192931024,,01029596344,불법 도박 및 사이트 홍보 스캠,
조서연,2026-04-11|2026-04-19|2026-04-20|2026-05-03|2026-06-09|2026-06-12|2026-06-12,7,하나은행,10151069479767,,01002187155,공공기관 과태료/범칙금 납부 안내 사기,정부 기관 사칭 사이트
채나연,2026-03-25|2026-04-11|2026-04-14|2026-06-12,4,우리은행,1002254861526,,,취업 사기,사람인
류건우,2026-04-14|2026-04-16|2026-04-19|2026-04-21|2026-06-07,5,우리은행,1002382700159,gim3ftjc@daum.net,01071692510,취업 사기,링크드인
정아름송이,2026-03-26|2026-04-25|2026-05-03|2026-05-07|2026-05-09|2026-05-21|2026-05-21|2026-05-30|2026-06-02|2026-06-04,10,KDB산업은행,02269906829719,,,공공기관 과태료/범칙금 납부 안내 사기,정부 기관 사칭 사이트
윤도윤,2026-03-29|2026-05-14|2026-06-12,3,IBK기업은행,0031635038872,,01028010259,대출 빙자 사기,
김현우,2026-03-28|2026-04-10|2026-06-07,3,우리은행,1002843991337,,01034424116,취업 사기,블라인드
홍나연,2026-03-20|2026-04-04|2026-04-06|2026-04-11|2026-04-24|2026-05-09,6,신한은행,110691037243,,,대출 빙자 사기,
엄도현,2026-03-31|2026-04-12|2026-04-23|2026-05-04,4,국민은행,5673907703884,,01046533502,취업 사기,사람인
차지안,2026-04-16|2026-04-30|2026-05-18,3,하나은행,10122459025066,sy5e3a2d@gmail.com,01003927322,상품권 구매 대행 사기,당근마켓
송서연,2026-04-30|2026-05-07|2026-05-11|2026-05-23,4,IBK기업은행,0036868100961,,01079420371,불법 도박 및 사이트 홍보 스캠,
유하린,2026-03-15|2026-03-17|2026-03-20|2026-04-02|2026-04-28|2026-05-14|2026-05-18,7,하나은행,10183737597671,,01040109698,스미싱,
채하은,2026-03-14|2026-03-26|2026-03-28|2026-03-30|2026-03-31|2026-05-06|2026-05-07|2026-05-09|2026-05-21|2026-06-12,10,하나은행,10207326407151,03gpcbqi@naver.com,01087691514,스미싱,
남준서,2026-03-18|2026-03-24|2026-03-31|2026-05-07|2026-05-18|2026-05-24|2026-06-01,7,IBK기업은행,0026363964660,7dtfsq7a@daum.net,,보이스피싱,
강전유진,2026-04-12|2026-04-15|2026-04-22|2026-05-03|2026-05-11|2026-05-26|2026-05-26|2026-06-01,8,IBK기업은행,0039112859088,,,대출 빙자 사기,
손지우,2026-03-23|2026-03-24|2026-03-27|2026-04-06|2026-04-12|2026-04-21|2026-05-11|2026-05-25,8,신한은행,100277303871,,,피싱 사이트 유도,
원현우,2026-03-21|2026-04-26|2026-05-12,3,우리은행,1002016358048,w18yje22@naver.com,01025533496,보이스피싱,
엄지안,2026-03-15|2026-03-16|2026-04-02|2026-05-14|2026-05-15|2026-05-16|2026-05-20|2026-05-28|2026-05-31|2026-06-07,10,국민은행,5677160358301,p1hwbbel@naver.com,,상품권 구매 대행 사기,당근마켓
안하준,2026-04-02|2026-05-01|2026-05-20|2026-05-23|2026-05-26|2026-05-27|2026-06-02,7,NH농협은행,3515982878873,,01065111847,보이스피싱,
권도현,2026-03-14|2026-03-30|2026-03-30|2026-04-14|2026-04-29|2026-05-08|2026-05-09|2026-05-14|2026-05-17|2026-05-21,10,IBK기업은행,0013755408413,e3doix7t@gmail.com,01068105677,상품권 구매 대행 사기,당근마켓
신예린,2026-03-21|2026-03-28|2026-03-30|2026-04-07|2026-04-20|2026-04-21|2026-05-03|2026-06-10,8,하나은행,10126474671765,,,보이스피싱,
방예린,2026-04-01|2026-04-04|2026-04-17|2026-05-03|2026-05-12|2026-06-01|2026-06-06,7,KDB산업은행,02228014111199,,,로맨스 스캠,
방예준,2026-04-10|2026-04-11|2026-04-24|2026-05-24|2026-05-29|2026-06-10,6,NH농협은행,3529315612650,lh48we8r@gmail.com,,메신저피싱,카카오톡
서지민,2026-04-01|2026-04-08|2026-05-31,3,하나은행,10246950343157,lhnkqqt7@daum.net,,스미싱,
진준서,2026-03-14|2026-03-28|2026-04-05|2026-04-12|2026-05-05|2026-05-07|2026-05-18|2026-05-30|2026-05-30|2026-06-09,10,하나은행,10231998280061,fokt7vf8@daum.net,01024402298,택배/배송 사기,번개장터
손지민,2026-03-29|2026-04-11|2026-04-20|2026-05-26|2026-06-06|2026-06-06,6,신한은행,110021757393,,,불법 도박 및 사이트 홍보 스캠,
노은우,2026-03-22|2026-03-25|2026-04-02|2026-04-16|2026-04-19|2026-05-03|2026-05-04|2026-05-29|2026-05-30|2026-06-12,10,KDB산업은행,02232850760294,ajew261i@daum.net,,중고거래 사기,번개장터
우아름송이,2026-03-26|2026-03-26|2026-03-29|2026-04-26|2026-05-01|2026-05-28|2026-05-28|2026-06-10|2026-06-10,9,우리은행,1002933356473,,01084054862,피싱 사이트 유도,
전서윤,2026-03-20|2026-03-20|2026-03-28|2026-04-17|2026-04-28|2026-05-11|2026-05-16|2026-06-04,8,국민은행,1236962278780,ld7byyzx@daum.net,,취업 사기,블라인드
노유진,2026-04-28|2026-06-01|2026-06-02,3,신한은행,110079980625,,,대출 빙자 사기,
곽하린,2026-04-28|2026-05-04|2026-05-09|2026-05-22|2026-05-31|2026-06-04|2026-06-09|2026-06-12,8,NH농협은행,3521076402097,6ororx36@gmail.com,01073260075,보이스피싱,
노지우,2026-03-16|2026-05-17|2026-06-02,3,NH농협은행,3025993809775,5baoppb6@daum.net,01065188093,대출 빙자 사기,
-,2026-06-14,1,국민/기업은행,"""60150201386960""",-,-,보이스피싱,-
-,2026-06-14,1,-,,test123@gmail.com,-,-,-
